{
  "neutral": {
    "count": 11,
    "last_seen": 1759149634.122468,
    "contexts": []
  },
  "positive": {
    "count": 1,
    "last_seen": 1759149633.374113,
    "contexts": []
  }
}
