{
  "total_interactions": 500,
  "successful_interactions": 20,
  "patterns_learned": 520,
  "avg_response_quality": 0.49000000000000055,
  "last_learning_session": "2025-10-10T12:24:01.801505",
  "improvement_rate": -2.999999999999986
}
